url,phone,streetAddress,email,title
http://www.expresspros.com/auburnal,tel:(334) 246-3910,"2436 East University Drive,Suite 2203-04,Auburn, AL 36830",mailto:Jobs.AuburnAL@ExpressPros.com,Auburn
http://www.expresspros.com/nbirminghamal,tel:(205) 547-2849,"1423 Gadsden Highway,Suite 115,Birmingham, AL 35235",mailto:Jobs.NorthBirminghamAL@ExpressPros.com,Birmingham (North)
http://www.expresspros.com/sbirminghamal,tel:(205) 981-1141,"200 Cahaba Park Circle,Suite 130,Birmingham, AL 35242",mailto:jobs.birminghamalsouth@expresspros.com,Birmingham (South)
http://www.expresspros.com/wbirminghamal,tel:(205) 610-8260,"2321 John Hawkins Parkway,Suite 105,Hoover, AL 35244",mailto:Jobs.BirminghamALWest@ExpressPros.com,Birmingham (West)
http://www.expresspros.com/dothanal,tel:(334) 671-1315,"3702 Ross Clark Circle,Suite 3,Dothan, AL 36303",mailto:jobs.dothanal@expresspros.com,Dothan
http://www.expresspros.com/huntsvilleal,tel:(256) 721-5627,"5650 Sanderson Street,Suite P,Huntsville, AL 35805",mailto:jobs.huntsvilleal@expresspros.com,Huntsville
http://www.expresspros.com/mobileal,tel:(251) 476-8210,"3662 Dauphin Street,Suite B,Mobile, AL 36608",mailto:jobs.mobileal@expresspros.com,Mobile
http://www.expresspros.com/montgomeryal,tel:(334) 651-0772,"5729 Carmichael Parkway,Montgomery, AL 36117",mailto:Jobs.MontgomeryAL@ExpressPros.com,Montgomery
http://www.expresspros.com/summerdaleal,tel:(251) 989-5500,"20210 State Highway 59,Suite 3,Summerdale, AL 36580",mailto:Jobs.SummerdaleAL@ExpressPros.com,Summerdale
http://www.expresspros.com/tuscaloosa,tel:(205) 758-0080,"2818 Lurleen B Wallace Boulevard,Northport, AL 35476",mailto:jobs.tuscaloosaal@expresspros.com,Tuscaloosa
url,phone,streetAddress,email,title
http://www.expresspros.com/auburnal,tel:(334) 246-3910,"2436 East University Drive,Suite 2203-04,Auburn, AL 36830",mailto:Jobs.AuburnAL@ExpressPros.com,Auburn
http://www.expresspros.com/nbirminghamal,tel:(205) 547-2849,"1423 Gadsden Highway,Suite 115,Birmingham, AL 35235",mailto:Jobs.NorthBirminghamAL@ExpressPros.com,Birmingham (North)
http://www.expresspros.com/sbirminghamal,tel:(205) 981-1141,"200 Cahaba Park Circle,Suite 130,Birmingham, AL 35242",mailto:jobs.birminghamalsouth@expresspros.com,Birmingham (South)
http://www.expresspros.com/wbirminghamal,tel:(205) 610-8260,"2321 John Hawkins Parkway,Suite 105,Hoover, AL 35244",mailto:Jobs.BirminghamALWest@ExpressPros.com,Birmingham (West)
http://www.expresspros.com/dothanal,tel:(334) 671-1315,"3702 Ross Clark Circle,Suite 3,Dothan, AL 36303",mailto:jobs.dothanal@expresspros.com,Dothan
http://www.expresspros.com/huntsvilleal,tel:(256) 721-5627,"5650 Sanderson Street,Suite P,Huntsville, AL 35805",mailto:jobs.huntsvilleal@expresspros.com,Huntsville
http://www.expresspros.com/mobileal,tel:(251) 476-8210,"3662 Dauphin Street,Suite B,Mobile, AL 36608",mailto:jobs.mobileal@expresspros.com,Mobile
http://www.expresspros.com/montgomeryal,tel:(334) 651-0772,"5729 Carmichael Parkway,Montgomery, AL 36117",mailto:Jobs.MontgomeryAL@ExpressPros.com,Montgomery
http://www.expresspros.com/summerdaleal,tel:(251) 989-5500,"20210 State Highway 59,Suite 3,Summerdale, AL 36580",mailto:Jobs.SummerdaleAL@ExpressPros.com,Summerdale
http://www.expresspros.com/tuscaloosa,tel:(205) 758-0080,"2818 Lurleen B Wallace Boulevard,Northport, AL 35476",mailto:jobs.tuscaloosaal@expresspros.com,Tuscaloosa
